publish_date,headline
2020-01-23,This map shows the latest spread of reported cases of coronavirus
2020-02-25,Here's how to reduce the taxes on your Social Security benefits
2020-03-02,Here's why the coronavirus may clobber your retirement plans
2020-03-02,How to build a cash reserve if coronavirus causes you to miss work
2020-03-03,What the Fed cutting interest rates to zero means for you
2020-03-08,"Dow sinks 2,000 points in worst day since 2008, S&P 500 drops more than 7%"
2020-03-08,"Here's why you probably won't own a flying car, but may still commute by air"
2020-03-08,"Sen. Ted Cruz, Rep. Paul Gosar, Rep. Doug Collins self-quarantine after interaction with CPAC attendee who tested positive for coronavirus"
2020-03-09,"With stocks plunging on oil price war and coronavirus fear, here's what to watch and do"
2020-03-09,"CDC says coronavirus testing is now available across all 50 states, more tests coming soon"
2020-03-09,"Focus on Apple and other 'tech winners for next 5-10 years' during this market selloff, Wedbush says"
2020-03-09,Gig economy companies from Uber to Lyft take action as coronavirus cases grow; workers say it's not enough
2020-03-09,Six signals from one research firm say a bottom is in and it's time to buy stocks
2020-03-09,El-Erian: US stock market could end up dropping 20%-30% before bottom is finally reached
2020-03-09,Trump and Pence try to reassure GOP donors they have coronavirus response under control
2020-03-09,"Biden has big lead over Sanders in Tuesday's make-or-break Michigan primary, polls say"
2020-03-09,"Oil jumps more than 10% one day after sharpest decline since 1991, amid hopes for continued OPEC talks"
2020-03-09,"Coronavirus-stricken Princess Cruises ship moves to Port of Oakland in California, thousands prepare to disembark"
2020-03-09,Tempted to claim Social Security benefits amid the market slump? Here's what to know first
2020-03-09,Trump had contact with congressmen Collins and Gaetz before they self-quarantined over coronavirus concerns
2020-03-09,"Coronavirus live updates: Cruise ship heads for Oakland, NYC mayor urges staying home"
2020-03-09,"Prince Andrew refuses to cooperate in Jeffrey Epstein probe, reportedly hires top extradition lawyer"
2020-03-09,"It takes an average of 5 days for coronavirus symptoms to show, new study says"
2020-03-09,"NYC mayor, officials urge New Yorkers to work from home, get mental health counseling amid coronavirus outbreak"
2020-03-09,The work-from-home trade: These tech companies could benefit from coronavirus office closures
2020-03-09,Tesla shares plummet as cheap oil and coronavirus challenge electric car and solar sales
2020-03-09,Media companies begin canceling annual ad presentations as coronavirus spreads in New York
2020-03-09,"Russia, Saudi Arabia squabble over oil strategy, but the real battle is with the US"
2020-03-09,"Google blocks visitors to Silicon Valley and New York offices, asks more staff to work from home"
2020-03-09,Bargain airfares not enough to entice travelers 'fearful at any price' amid coronavirus
2020-03-09,Stitch Fix shares crater more than 30% as sales miss and outlook disappoints
2020-03-09,"Stock market live Monday: Stocks post major losses, Dow's worst point drop ever, Oil tanks 24%"
2020-03-09,White House to invite Wall Street executives to meet over coronavirus concerns
2020-03-09,Apple says it's now OK to use disinfectant wipes to clean your iPhone
2020-03-09,Amazon tells employees in New York and New Jersey to work from home as coronavirus spreads
2020-03-09,Cramer: Amazon is a stock worth buying during this major market meltdown
2020-03-09,Italy extends its quarantine to the entire country; PM asks residents to stay at home
2020-03-09,"Trump downplays oil plunge, coronavirus as markets tank: 'Life & the economy go on'"
2020-03-09,"Stocks making the biggest moves midday: Diamondback Energy, Walmart, Twitter and more"
2020-03-09,Here's what you need to know about coronavirus and your health insurance
2020-03-09,Regulators urge banks to get funding to people who are impacted by the coronavirus
2020-03-09,Stocks are on the cusp of a bear market. Here's how long they last and how bad they can get
2020-03-09,Jim Cramer says he could see '9 or 10' oil companies going bankrupt if crude declines persist
2020-03-09,Watch: Coronavirus task force holds press briefing as US outbreak expands
2020-03-09,Former Obama fundraising chief calls on over 700 bundlers to back Joe Biden's surging campaign
2020-03-09,"Tapestry CEO agrees to stay at company for three years, Coach brand president to resign"
2020-03-09,Biden and Sanders' fight over trade is a war for the future of the Democratic Party
2020-03-09,Gold is a hot investment. Here's why you should resist the urge to buy during the market selloff
2020-03-09,"Robinhood goes down again, causing clients to miss out on another historic trading day"
2020-03-09,This low-volatility fund is beating a stomach-churning market - Here's what it holds
2020-03-09,"Robert Shiller: Coronavirus is creating a 'dangerous time' for markets, panic is just starting"
2020-03-09,Tech's big five lost over $320 billion of value in Monday's market crash; Apple plunged 7.9%
2020-03-09,"S&P 500 ETF just had its third-worst open ever, behind only the financial crisis and 9/11"
2020-03-09,"Coronavirus quarantine: For some, missing work could be financially 'crushing'"
2020-03-09,How wealthy investors are managing their portfolios amid the coronavirus scare
2020-03-09,Here are the milestones and firsts from the markets' historically bad day
2020-03-09,Stocks are rallying in the final hour of trading as Wall Street measures fiscal stimulus prospects
2020-03-09,"Stocks have not been this attractive vs bonds since the 1950s, according to Bank of America"
2020-03-09,Credit Suisse cuts market forecast because of the coronavirus 'global demand shock'
2020-03-10,"Star Seahawks linebacker rejects NFL collective bargaining agreement: 'You have guys suffering from 16 games, and you're going to add more games?'"
2020-03-10,"Coronavirus: Harvard moves classes online, tells students not to return after spring break"
2020-03-10,"Stocks making the biggest moves midday: Stitch Fix, Amazon, Qualcomm, Royal Caribbean and more"
2020-03-10,"Sell-off on Wall Street accelerates, with the Dow down 1,000 points"
2020-03-10,Get those money issues settled before the marriage
2020-03-10,United Airlines' US bookings plunge 70% as coronavirus spreads
2020-03-10,"Coronavirus cases could reach 64,000 in Washington state by May, governor says"
2020-03-10,"Trump pitched 0% payroll tax rate for the rest of the year, White House official says"
2020-03-10,Biden suggests he would veto 'Medicare for All' over its price tag
2020-03-10,Apple employee in Ireland tests positive for coronavirus in first confirmed case at company
2020-03-10,"Wall Street wants Trump to act within days on virus, or risks for a bigger sell-off and a recession will grow"
2020-03-10,"US isn't prepared for outbreak: This is a 'coronavirus winter, and we're in the first week,' disease specialist says"
2020-03-10,"White House plan for economic response to coronavirus is 'not there right now,' officials say"
2020-03-10,Mortgage bankers double their 2020 refinance forecast
2020-03-10,"Dow drops 1,400 points and is now on pace to close in a bear market, down 20% from its record"
2020-03-10,"Coronavirus live updates: Trump pitches 0%, NYC's count can't keep up, virus on trading floor"
2020-03-10,Apple got off to a strong start and looked unstoppable in 2020. Then the coronavirus broke out
2020-03-10,Here's where to get your tax return done for free
2020-03-10,"NYC coronavirus cases are 'coming in so intensely now,' Mayor de Blasio says"
2020-03-10,Sony Pictures delays 'Peter Rabbit 2' release to August amid coronavirus disruption
2020-03-10,Dow falls more than 800 points in wild trading
2020-03-10,CNN scraps live audience for next Democratic primary debate amid coronavirus fears
2020-03-10,Coronavirus and the election: Washington state primary voters urged not to lick mail-in ballots
2020-03-10,Medicare will cover coronavirus tests. Here's how to get one if you think you have symptoms
2020-03-10,Cramer: I'm more comfortable buying stocks after Trump acknowledged coronavirus stimulus need
2020-03-10,Joe Biden tells factory worker 'you're full of s---' during a tense argument over guns
2020-03-10,"Stock market live updates: Rally into the close, 10-year yield rebounds, oil climbs 10%"
2020-03-10,Stitch Fix shares are tanking as Wall Street fears core business could be reaching 'saturation point'
2020-03-10,Download these apps to stay informed and entertained if you're stuck at home
2020-03-10,CEO of largest NY health provider: White House coronavirus stumbles set back prevention efforts
2020-03-10,"Trump endorses Tommy Tuberville, the ex-football coach facing Jeff Sessions in Alabama's GOP Senate primary"
2020-03-10,"Joe Biden wins Missouri Democratic primary, NBC News projects, another key win for the former VP"
2020-03-10,"Market sell-off is a 'gross overreaction' to a 'severe but manageable flu,' Morningstar says"
2020-03-10,"Dow drops 1,400 points and tumbles into a bear market, down 20% from last month's record close"
2020-03-10,"Morgan Stanley says an employee tested positive for coronavirus, adding to Wall Street firms breached by virus"
2020-03-10,"Google tells more than 100,000 North American employees to stay home amid coronavirus fears"
2020-03-10,Trump administration expected to seek aid for shale companies hit by oil rout
2020-03-10,Walmart deploys new emergency leave policy after Kentucky associate tests positive for coronavirus
2020-03-10,JPMorgan says the stock sell-off is overdone and recession risk is overblown
2020-03-10,Elon Musk says he's looking to open a Tesla Cybertruck factory in 'central USA'
2020-03-10,"Next six months likely 'painful' for oil, says Goldman Sachs' Jeffrey Currie"
2020-03-10,Some airlines are running near-empty 'ghost flights' as coronavirus hits passenger numbers
2020-03-10,The Biden campaign has dramatically increased Facebook ad spending since Super Tuesday
2020-03-10,Google bans all ads for medical face masks amid coronavirus outbreak
2020-03-10,Bernie Sanders looks to Michigan to block Joe Biden's march to the Democratic nomination
2020-03-10,"New York Gov. Cuomo deploys National Guard to New Rochelle, establishes containment center to stem coronavirus"
2020-03-10,Coronavirus could financially cripple many Americans
2020-03-10,People are stealing hand sanitizer and surgical masks from doctors' offices because of coronavirus fears
2020-03-10,Yelp gives senators its list of grievances against Google in antitrust hearing
2020-03-10,Dos and dont's to avoid panic about your 401(k)
2020-03-10,Joe Biden takes a big step closer to the Democratic nomination with Michigan primary victory
2020-03-10,Elon Musk says Tesla has now produced 1 million electric vehicles
2020-03-10,"Trump pitched 0% payroll tax rate for the rest of this year, White House official says"
2020-03-10,"In this volatile market, it's key to keep it simple"
2020-03-10,What Merrill is telling clients now amid market uncertainty
2020-03-10,"Dow drops deeper into bear market territory, now down 1,600 points in final hour of trading"
2020-03-10,Educators scramble to bring classes to the cloud as coronavirus shuts schools
2020-03-10,Cramer: I'm more comfortable about the market after Trump acknowledged coronavirus stimulus need
2020-03-11,"IRS likely to delay April 15 tax filing deadline as part of Trump coronavirus response, WSJ says"
2020-03-11,"American troops killed, injured in Iraq rocket attack, US officials say"
2020-03-11,Joe Biden campaign announces new coronavirus committee to provide counsel as pandemic fears escalate
2020-03-11,"Stock market live updates: Dow tanks more than 900, oil slides, Cramer on when to buy"
2020-03-11,NYU doctor says US hospitals are unprepared for coronavirus and will be 'flooded'
2020-03-11,Watch: President Donald Trump addresses nation on US response to coronavirus
2020-03-11,Coronavirus fallout: At least 150 companies have warned of earnings hit
2020-03-11,"Bank of America says the 5G iPhone may be delayed, but there's still one big reason to buy Apple"
2020-03-11,"With interest rates near zero, preserving retirement income gets risky"
2020-03-11,Goldman says the bull market will end soon with stocks dropping another 15%
2020-03-11,"Coronavirus live updates: Trump meets with Wall Street execs, March Madness closed to fans"
2020-03-11,Trump suspends travel from Europe for 30 days as part of response to 'foreign' coronavirus
2020-03-11,Mortgage refinance applications spike 79% as homeowners rush to take advantage of lower rates
2020-03-11,"Coronavirus live updates: China reports 11 additional deaths, WHO declares global pandemic"
2020-03-11,YouTube will stream its big advertiser pitch instead of holding an in-person event due to coronavirus
2020-03-11,More than a third of US adults say movie theaters should close amid coronavirus outbreak
2020-03-11,Adidas CEO: Coronavirus outbreak is 'a painful setback'
2020-03-11,Boeing 737 Max cancellations pile up in bleak start to the year
2020-03-11,Britain unveils $39 billion spending package as it tries to tackle coronavirus slowdown
2020-03-11,These stocks are 'at their best when the market is at its worst'
2020-03-11,"Twitter is forcing its 4,900 employees to work from home"
2020-03-11,Dow falls hard into a bear market and analysts say the selling could be far from over
2020-03-11,White House task force recommends anti-coronavirus strategies for four counties
2020-03-11,Trump cancels events in Colorado and Nevada 'out of an abundance of caution' over coronavirus
2020-03-11,Ex-FDA chief on coronavirus: Governments must follow lead of businesses and impose more restrictions
2020-03-11,"Cramer sees Dow revisiting Christmas Eve 2018 lows, putting blue chips firmly in a bear market"
2020-03-11,More than a third of U.S. adults say movie theaters should close amid coronavirus outbreak
2020-03-11,The European Central Bank is set to deliver a major stimulus package to counter the coronavirus impact
2020-03-11,Coronavirus books plagiarized from news outlets dominate Amazon search results
2020-03-11,No automakers 'coming out unscathed' as US coronavirus cases grow
2020-03-11,Bernie Sanders will stay in the 2020 race after latest primary setback
2020-03-11,Putin takes a big step closer to being Russia's president beyond 2024
2020-03-11,"Stock market live updates: Dow tanks more than 800, oil slides, Cramer on when to buy"
2020-03-11,"If you don't have a 529 savings plan, you're not alone. Here's what you need to know"
2020-03-11,The coronavirus is hurting the euro zone economy. But Lagarde is not out of options
2020-03-11,"10-year Treasury yield rebounds, climbs above 0.8%"
2020-03-11,The Dow is in a bear market. Here's how bad it could get
2020-03-11,Citigroup's Corbat says 'this is not a financial crisis' during Trump meeting with Wall Street execs
2020-03-11,The 50-year-old founder of Rockstar just got a $3 billion check from PepsiCo
2020-03-11,"Now you can follow the coronavirus outbreak through Apple News on your iPhone, iPad or Mac"
2020-03-11,"Stock market live updates: Dow bear market, S&P sinks 6%, official global pandemic"
2020-03-11,"Apple is working on a new iPhone app with workout videos, code-named 'Seymour'"
2020-03-11,Cramer on coronavirus-driven turmoil: Stocks to hold and 'still not too late to own some gold'
2020-03-11,Here's what Goldman is telling clients to do following its bold call for deeper losses from here
2020-03-11,Got a high-deductible health plan? It may cover the cost of coronavirus testing
2020-03-11,NBA suspends season indefinitely after Utah Jazz player tests positive for coronavirus
2020-03-11,Here's why people are panic buying and stockpiling toilet paper to cope with coronavirus fears
2020-03-11,Value investor Bill Nygren scooping up travel and bank stocks during the market turmoil
2020-03-11,The Navy offers a glimpse inside the compound where its new drone warship is being built
2020-03-11,This Dow member has beaten the market during the last three recessions
2020-03-11,A coalition of students and activists are suing one of the biggest university systems over the SAT
2020-03-11,Amazon's cashierless checkout technology coming to Newark Airport
2020-03-11,"Here are Wednesday's biggest analyst calls of the day: Apple, Boeing, Delta, Eli Lilly & more"
2020-03-11,"El-Erian tells investors to 'be careful out there', warns of market stress"
2020-03-11,10-year Treasury yield rises slightly in volatile trading
2020-03-11,From frenzy to furlough: Bakeries see thousands in Pi Day sales vanish as coronavirus spreads
2020-03-11,Top US health official says the coronavirus is 10 times 'more lethal' than the seasonal flu
2020-03-11,Bank CEOs convene in Washington for meeting with President Trump on coronavirus response
2020-03-11,"Stocks making the biggest moves midday: Norwegian Cruise Line, DXC Technology, Citigroup & more"
2020-03-11,Boeing plans early draw on more than $13 billion loan as market turbulence worsens
2020-03-11,"Stock market live updates: Bear market, Dow tanks 1,400 points, official global pandemic"
2020-03-11,"Coronavirus live updates: First death from virus in Ireland, US hospital considers temporary facilities"
2020-03-11,Economist Alan Blinder says the US is probably already in recession
2020-03-11,"Tom Hanks, Rita Wilson test positive for coronavirus"
2020-03-11,10-year Treasury yield falls below 0.7% as flight to safety continues
2020-03-11,Amazon and Gates Foundation may team up to deliver coronavirus test kits to Seattle homes
2020-03-11,Markets want White House and Congress to move quickly on stimulus to head off a recession
2020-03-11,Oil falls after Saudi Aramco asked to raise output capacity
2020-03-11,Lawmakers pressure Big Pharma on drug supply chains amid coronavirus outbreak
2020-03-11,World Health Organization declares the coronavirus outbreak a global pandemic
2020-03-11,These S&P 500 stocks have outperformed since the 2009 bottom — here are the two that traders would buy
2020-03-11,First US hospital chain to treat coronavirus considers treating patients in 'tents outside'
2020-03-11,"Bernie Sanders wins the North Dakota Democratic caucus, NBC News projects"
2020-03-11,"Bank stocks have become 'awful investments' because of the coronavirus impact, Jim Cramer says"
2020-03-11,How the coronavirus crisis might trip up your tax filing
2020-03-11,Microsoft unifies research groups as it appoints a science chief
2020-03-11,"White House told federal health agency to classify coronavirus deliberations, sources say"
2020-03-11,"Stock market live updates: Dow tanks 1,100, oil and yields slide, Cramer on when to buy"
2020-03-11,"Up to 150 million Americans are expected to contract the coronavirus, congressional doctor says"
2020-03-11,Amazon launches $25 million relief fund for delivery drivers and seasonal employees amid coronavirus outbreak
2020-03-11,Golden State Warriors to play first NBA game without fans after San Francisco bans large crowds due to coronavirus fears
2020-03-11,"As energy stocks sink, analysts say to buy these solar names instead"
2020-03-11,Why millennials may shrug at the stock market's troubles
2020-03-11,Hotel disputes conservative lobbyist Matt Schlapp's claim of coronavirus 'screening' at CPAC site
2020-03-11,"Everything Jim Cramer said about the stock market on 'Mad Money,' including recession potential, bank stock headwinds"
2020-03-11,Cramer's lightning round: Zoetis could be 'resistant to recession'
2020-03-11,Futures are rebounding Wednesday night after Dow closes in bear market. Traders await Trump
2020-03-11,Facebook is giving free Portal video chat devices to employees who request them
2020-03-11,Trump's payroll tax cut proposal fails to gain traction in Congress after boosting market hopes
2020-03-11,Three TSA airport screeners in California test positive for new coronavirus
2020-03-11,"Your first trade for Wednesday, March 11"
2020-03-11,What to watch today: Dow to tank as wild market swings continue on coronavirus concerns
2020-03-11,"Dow losses reach nearly 9%, putting it on track for worst one-day decline since 1987 crash"
2020-03-11,Restaurants rethink paid sick-leave policies as coronavirus outbreak spreads
2020-03-11,Cruise industry proposes travel restrictions for passengers over 70 as coronavirus spreads
2020-03-11,US footwear imports from China just had their worst January in a decade
2020-03-11,Fed boosts money it's providing to banks in overnight repo lending to $175 billion
2020-03-11,US sporting goods retailer Modell's files for bankruptcy protection
2020-03-11,Senate Democrats unveil relief proposal in response to coronavirus outbreak
2020-03-11,Dow plunges as coronavirus is declared a pandemic — here's what to watch in the sell-off
2020-03-11,Here's what happened to the stock market on Wednesday
2020-03-11,"These tech stocks are the safest in a recession, top analyst Mark Mahaney says"
2020-03-11,"Trump calls emergency meeting with top health officials at White House, top lawmaker says"
2020-03-11,"Google recommends all employees in UK, Europe, Middle East and Africa work from home"
2020-03-11,CME Group to close Chicago trading floor as a precaution due to coronavirus
2020-03-11,"Coronavirus live updates: Gottlieb urges faster response, US cities ban large gatherings"
2020-03-11,NCAA March Madness basketball games will be played without fans
2020-03-11,Senators dispute industry claims that a bill targeting tech's legal shield would prohibit encryption
2020-03-11,"Boeing halts hiring, limits overtime to preserve cash, stock falls most since 1974"
2020-03-11,YouTube reverses policy of banning ads on coronavirus videos
2020-03-11,"Boeing halts hiring, limits overtime as coronavirus poses 'global economic disruption', shares down 13%"
2020-03-11,Fiat Chrysler idling Italian plants as coronavirus outbreak intensifies
2020-03-11,"This is a market that favors stock picking instead of ETFs, Bank of America strategist says"
2020-03-11,Travel industry could lose $24 billion as coronavirus cripples tourism from outside US
2020-03-11,"Coronavirus quarantines could be the perfect backdrop for HBO Max, Peacock and Quibi to join the streaming wars"
2020-03-11,"Ford Explorer back 'on track' following flawed launch, exec says"
2020-03-11,Large gatherings banned in San Francisco and Seattle area to slow the coronavirus outbreak
2020-03-11,"This 'ticking nuclear bomb' could cause energy bankruptcies, Onyxpoint partner says"
2020-03-11,"Oil lobbyists met with White House staffers to discuss markets amid OPEC price war, coronavirus"
2020-03-11,"Stocks won't recover from the coronavirus fallout until a stimulus package is passed, Invesco predicts"
2020-03-11,Strategist Jim Paulsen: The stock market 'oozes panic' and appears near a bottom
2020-03-11,"Stopping the coronavirus from spreading will include a recession, Jim Cramer says"
2020-03-11,Harvey Weinstein sentenced to 23 years in prison for rape and sex assault in case that sparked 'MeToo' movement
2020-03-11,Treasury recommends Trump administration delay the April 15 tax deadline
2020-03-11,Sports teams see ticket prices drop as much as 30% on secondary market as coronavirus fears spread
2020-03-11,Asia stocks drop as Dow enters bear market; WHO declares coronavirus outbreak a pandemic
2020-03-11,New York late-night shows will ditch live audiences in an effort to prevent coronavirus from spreading
2020-03-11,Boeing halts hiring as coronavirus poses 'global economic disruption'
2020-03-11,6 charts show the coronavirus impact on the global economy and markets so far
2020-03-11,Traders grapple to find the bottom as Dow enters bear market territory with S&P 500 not far behind
2020-03-11,"Dow drops more than 8%, heads for biggest one-day plunge since 1987 market crash"
2020-03-11,Dow plunges 10% amid coronavirus fears for its worst day since the 1987 market crash
2020-03-11,Starbucks will offer 'catastrophe pay' to baristas exposed to the coronavirus
2020-03-11,"What a payroll tax cut could mean for Social Security, Medicare and consumer spending"
2020-03-11,Toymaker CEO: Small businesses may see 'real carnage' from coronavirus without government help
2020-03-11,Top federal health official says coronavirus outbreak is 'going to get worse' in the US
2020-03-11,"Stock market live Wednesday: Dow bear market, official global pandemic, Wall Street says no crisis"
2020-03-11,Treasury recommends Trump Administration delay the April 15 tax deadline
2020-03-11,"Coronavirus live updates: CEO calls it a 'painful setback,' Merkel says most Germans will get infected"
2020-03-12,Energy powerhouse EDF part of trial using smart tech and heaters to optimize electricity use in buildings
2020-03-12,"Gap's earnings, sales beat, retailer names new CFO"
2020-03-12,Here are five things the pros are watching to gauge when the market turmoil may end
2020-03-12,Lagarde on Trump travel ban: 'I doubt very much that diseases have passports and are aware of borders'
2020-03-12,Starbucks CEO says customers may only be able to order via drive-thru or mobile due to coronavirus
2020-03-12,Here's how retirees can deal with market volatility when they don't have time to 'stay the course'
2020-03-12,Chamath Palihapitiya: Coronavirus fallout like financial crisis and dot-com bubble bust combined
2020-03-12,Here's Morgan Stanley's 'shopping list' for semiconductor stocks to buy amid the turmoil
2020-03-12,"Oil drops as much as 8%, on pace for worst week in more than a decade"
2020-03-12,Canada's Justin Trudeau is self-isolating while his wife waits on coronavirus test results
2020-03-12,"Stock market live updates: Dow tanks 2,200, S&P 500 bear market, sell-off deepens"
2020-03-12,'A Quiet Place Part II' delays March release due to coronavirus pandemic
2020-03-12,"Coronavirus live updates: Senate cancels recess to address crisis, professional sports upended"
2020-03-12,"Brazilian official who posed for photo with Trump tests positive for coronavirus, reports say"
2020-03-12,Coronavirus market rout threatens to wipe out Trump's stock market gains since his election
2020-03-12,Dow futures point to more than 400 point opening loss following market's worst day since 'Black Monday'
2020-03-12,Why your tax return may spark interest from the IRS
2020-03-12,Champions League games postponed as virus hits world soccer
2020-03-12,Fed pumps $198 billion into short-term bank funding operations amid big demand
2020-03-12,"Congress shuts down Capitol to the public, White House cancels tours amid coronavirus pandemic"
2020-03-12,"Stock market live updates: Dow down 2,000, Fed stepping in, S&P 500 bear market"
2020-03-12,House Democrats' coronavirus bill delayed as GOP pushes to include Trump proposals
2020-03-12,Trump says markets are going to be 'just fine' as stocks crater amid coronavirus worry
2020-03-12,Here's what Goldman Sachs is telling clients to do to navigate the bear market
2020-03-12,'I obviously was stunned' — Mavs owner Mark Cuban had put 5%-10% odds on NBA suspending games
2020-03-12,JPMorgan and Goldman tell NY metro employees to work from home in coronavirus response
2020-03-12,Carnival shares tank after Princess Cruises says it will suspend global operations over coronavirus outbreak
2020-03-12,What to ask yourself before making any investment moves as the market falls
2020-03-12,'Circuit breaker' triggered again to keep stocks from falling through floor. What you need to know
2020-03-12,What can happen to a company if coronavirus sends every employee home
2020-03-12,"Sophie Gregoire Trudeau, wife of Canada PM Justin Trudeau, tests positive for coronavirus"
2020-03-12,There were a ton of stock calls on Thursday as analysts try to pick winners and losers amid crisis
2020-03-12,"Top US health official says coronavirus testing system is 'failing,' cases now confirmed in 44 states"
2020-03-12,NHL Commissioner Gary Bettman: No COVID-19 in NHL reported yet
2020-03-12,"As coronavirus threatens the elderly, Ohio asks for new volunteers to do 'patriotic duty' and work at poll sites"
2020-03-12,Italy locked down — in pictures
2020-03-12,NCAA cancels March Madness basketball tournaments due to coronavirus
2020-03-12,JPMorgan Chase orders up to half NY metro employees to work from home
2020-03-12,The five biggest tech companies lost more than $400 billion in value on Thursday
2020-03-12,Uber falls to all-time low as investors continue to measure coronavirus risk
2020-03-12,"Stock market live updates: Dow tanks 2,300 in worst day since Black Monday, S&P 500 bear market"
2020-03-12,Amazon tells sellers it's not taking new listings for face masks or hand sanitizer amid coronavirus price gouging
2020-03-12,Billionaire investor Mark Cuban adds to his Twitter stake as stock market craters
2020-03-12,The most important promotion a woman gets is the first one
2020-03-12,Major League Soccer suspends season for 30 days amid concern over coronavirus
2020-03-12,Markets are desperate for government action as they plunge deeper into bear territory
2020-03-12,Stocks are giving up their gains as they try to rebound from coronavirus sell-off
2020-03-12,"MLB will delay opening day by at least two weeks, spring training canceled due to coronavirus"
2020-03-12,Disney stock is down 28% since Bob Iger left CEO job last month
2020-03-12,Wharton's Jeremy Siegel calls for federal support for companies: 'We need bold measures'
2020-03-12,"Google Bangalore employee tests positive for coronavirus and office park shuts down, according to internal emails"
2020-03-12,Jim Cramer believes the White House is debating big plans to combat coronavirus and ease markets
2020-03-12,Disney and Universal close California parks in March to help halt spread of coronavirus
2020-03-12,Cryptocurrencies see $93.5 billion wiped off value in 24 hours as bitcoin plunges 48%
2020-03-12,Chinese food delivery giant offers paper 'shield' to diners to protect them against coronavirus
2020-03-12,"Stocks post biggest rally since 2008, clawing back some of their coronavirus collapse"
2020-03-12,'F9' delayed to 2021 amid coronavrius pandemic concerns
2020-03-12,"American, Delta and United cap Europe-US fares as Trump travel ban sparks demand surge"
2020-03-12,"Coronavirus live updates: France shutters schools, New York bans gatherings over 500"
2020-03-12,'Everybody is upside down:' Lobbyists flooded with calls from corporate clients worried about coronavirus
2020-03-12,PGA Tour won't allow fans for foreseeable future due to coronavirus
2020-03-12,Slack stock tanks 20% after hours on weak guidance
2020-03-12,Fed to pump in more than $1 trillion in dramatic ramping up of market intervention amid coronavirus meltdown
2020-03-12,Elizabeth Warren calls for a 'grassroots' stimulus package to counter coronavirus economic impact
2020-03-12,Judge orders former Army intelligence analyst Chelsea Manning released from jail
2020-03-12,Goldman says a New Jersey fitness center worker is 'suspected to have contracted' the coronavirus
2020-03-12,"Cramer slams government on coronavirus: 'They know nothing,' evoking his epic 2007 Fed rant"
2020-03-12,Oracle rises after beating quarterly expectations
2020-03-12,El-Erian sees stock market decline reaching 30% from highs and the world going into recession
2020-03-12,Nancy Pelosi cancels major New York fundraiser amid coronavirus fears
2020-03-12,"Stocks making the biggest moves after hours: Slack, Gap, Broadcom and more"
2020-03-12,Here's Bank of America's batten-down-the-hatches portfolio for an economic downturn
2020-03-12,New York's Broadway will go dark as restrictions tighten to prevent coronavirus spread
2020-03-12,Tesla reportedly sends employees back to US from Germany ahead of Trump travel ban
2020-03-12,The 'only way' to beat coronavirus is to 'risk a recession' Jim Cramer says
2020-03-12,Global task force says all live entertainment events in March should be postponed
2020-03-12,"Sports and finance have a lot in common, says Olympian Lauryn Williams"
2020-03-12,"Human trials for a coronavirus vaccine could begin 'within a few weeks,' top US health official says"
2020-03-12,Google Bangalore employee tests positive for coronavirus
2020-03-12,"NYC declares state of emergency, de Blasio says coronavirus 'could easily be a 6-month crisis'"
2020-03-12,"Italy closes bars, restaurants and most shops as coronavirus death toll jumps 30%"
2020-03-12,"Frontline medical workers are asking: With schools closing, who will care for their kids?"
2020-03-12,"Shopify is giving employees a $1,000 stipend to buy supplies while they work from home during coronavirus pandemic"
2020-03-12,New Disney CEO faces his first major challenge as coronavirus shuts down Disneyland and stock drops
2020-03-12,"Jamie Dimon discharged from hospital and 'doing very well,' JPMorgan tells staff"
2020-03-12,New York Gov. Cuomo bans gatherings of 500 or more amid coronavirus outbreak
2020-03-12,"Big banks have cash to help some industries in short-term crisis, but for others the pain may come later"
2020-03-12,How to use options to navigate wild volatility
2020-03-12,CBS and NBCU cancel live advertiser pitch events because of coronavirus
2020-03-12,The credit markets are signaling a bigger problem is afoot despite the Fed's interventions
2020-03-12,Coronavirus grinds the sports world to a halt: Here's what's canceled
2020-03-12,UAW confirms first-known coronavirus case of Fiat Chrysler auto plant worker
2020-03-12,"Coronavirus live updates: Princess suspends cruises, Congress shuts down Capitol to public"
2020-03-12,Stock futures point to more losses Friday following market's worst day since 'Black Monday'
2020-03-12,"With stocks selling off as rapidly as 1987, some analysts wonder if they can bounce as fast too"
2020-03-12,"There's a tail wind in sight for the struggling homebuilders, traders say"
2020-03-12,NHL suspends season due to coronavirus
2020-03-12,Supreme Court closes to the public until further notice amid coronavirus outbreak
2020-03-12,"New York real estate hit by coronavirus, market decline"
2020-03-12,How a decades-old design concept is transforming the energy efficiency of buildings
2020-03-12,Senate will cancel next week's recess as Congress works to pass coronavirus response plan
2020-03-12,"Coronavirus live updates: China reports 8 new cases, wife of Canadian PM tests positive"
2020-03-12,"Nike, Under Armour taking hits from coronavirus outbreak amid NBA cancellation, shares fall"
2020-03-12,Here's how I recreated my work setup at home during the coronavirus outbreak
2020-03-12,Amazon tells all employees to work from home if they can
2020-03-12,"Trump's European travel restrictions could drive some airlines out of business, trade group warns"
2020-03-12,"American, Delta cap Europe-US fares as Trump travel ban sparks demand surge"
2020-03-12,3 ways the downturn could help you build tax-free retirement savings
2020-03-12,Dow surges 700 points in wild trading as Wall Street tries to rebound from coronavirus sell-off
2020-03-12,Wharton business school is using the coronavirus pandemic as a learning opportunity
2020-03-12,Joe Biden releases plan to combat coronavirus in effort to show contrast with Trump
2020-03-12,"New York will see 'same trajectory' of coronavirus cases as China, South Korea and Italy, Gov. Cuomo says"
2020-03-12,"U.S. should 'wait and see' on fiscal help for companies, ex-Treasury Sec. Jack Lew says"
2020-03-12,Ariel Investments' John Rogers is 'hunkered down' but sees value in these stocks
2020-03-12,"Microsoft cancels Build, makes it virtual"
2020-03-12,"Coronavirus updates: France shutters schools, New York bans gatherings over 500"
2020-03-12,"US strikes Iran-backed group that hit Iraq base, officials say"
2020-03-12,Historic market plunge: Traders describe a day that went from 'uncertainty to panic'
2020-03-12,Daymond John: How to make the best of being stuck at home due to coronavirus closures
2020-03-12,"Bernie Sanders will win California primary, NBC News projects"
2020-03-13,Tesla stock drops despite monster market rally
2020-03-13,"The stock market is going to come ripping back quickly, says global investor Barry Sternlicht"
2020-03-13,"Europe is now the 'epicenter' of the coronavirus pandemic, WHO says"
2020-03-13,ESPN scrambling to figure out programming while live sports shut down indefinitely
2020-03-13,Pelosi says Democrats and White House reach a deal on coronavirus relief bill
2020-03-13,Domino's is the only restaurant stock up year to date
2020-03-13,Here's what every major company is doing about the coronavirus pandemic
2020-03-13,Disney to halt some live-action film production as coronavirus spreads
2020-03-13,Trump pressures Congress to 'approve a payroll tax cut' for the rest of the year
2020-03-13,"Stocks are expected to see more wild swings, even if Fed makes big policy move"
2020-03-13,Treasury Secretary Mnuchin says White House and Congress close to getting coronavirus bill done
2020-03-13,"After initial grief, new widows must reexamine their finances"
2020-03-13,New York will begin its first 'drive-through' testing center for coronavirus in New Rochelle
2020-03-13,Trump to buy oil for strategic reserve to aid energy industry: 'We're going to fill it'
2020-03-13,Here's what happened to the stock market on Friday
2020-03-13,Carl Icahn says the market sell-off has longer to go even though some stocks are 'awfully cheap'
2020-03-13,"Trump asks Walmart, Target and other retail giants to help tackle the Coronavirus crisis"
2020-03-13,Mnuchin says coronavirus sell-off will be great opportunity for long-term investors like '87 crash
2020-03-13,NFL prohibits in-person interviews with players before draft due to coronavirus
2020-03-13,Google is making a coronavirus information site to help find testing as more kits become available
2020-03-13,Eli Lilly CEO aims to start testing coronavirus cure 'this summer'
2020-03-13,China's plans to ease its 'green card' rules for foreigners spark racist backlash online
2020-03-13,Government leans on tech and telecom firms to help students forced to stay home
2020-03-13,"Coronavirus live updates: Pentagon halts domestic travel, South Korea reports 107 new cases"
2020-03-13,Coronavirus pandemic prompts the big 3 cruise companies to suspend operations
2020-03-13,"Your favorite TV shows may still be on the air now, but new episodes could be delayed as coronavirus shuts down production"
2020-03-13,"How much you need to save every month to earn $75,000 a year in interest for retirement"
2020-03-13,Cramer praises Trump for involving private sector in coronavirus response: 'This is real firepower'
2020-03-13,Oil rebounds 5% as Trump says US will purchase oil for strategic reserve
2020-03-13,"Stock market live updates: Is crash over?, Icahn not sure, Mnuchin say buying opportunity"
2020-03-13,Trump gives people with student loans a break amid coronavirus
2020-03-13,"Airline stocks soar on hopes for financial relief from coronavirus, Delta up 13%"
2020-03-13,Ford COO Farley to receive $2.5 million in shares if not selected as next CEO
2020-03-13,Trump declares national emergency over coronavirus
2020-03-13,"Washington reports 5 new coronavirus deaths, Trump says UK could be added to EU travel ban"
2020-03-13,"Ford, GM instruct employees to work from home due to coronavirus"
2020-03-13,Travel insurance might not help for trips called off due to coronavirus
2020-03-13,Facebook and Twitter slammed by congressman for allowing spread of 'racist themes and language' about coronavirus
2020-03-13,Trump says he will 'most likely' be tested for coronavirus
2020-03-13,US Olympic hopeful Monica Aksamit stranded in Poland due to COVID-19 travel ban
2020-03-13,Cramer's week ahead: Key metrics for the market are new coronavirus infections
2020-03-13,Trump indicates he opposes House coronavirus plan as Pelosi vows to pass it
2020-03-13,AT&T asks all employees to work from home if they can due to coronavirus
2020-03-13,"Stock market live Friday: Biggest jump in 11 years, Still down big for week, Mnuchin says buy"
2020-03-13,Trump says UK could be added to European travel restrictions
2020-03-13,Icahn reveals his biggest short position amid market turmoil: Commercial real estate
2020-03-13,S&P estimates a severe coronavirus outbreak in US could cost $90 billion in insured medical expenses
2020-03-13,"While the market tanks, this software company founded after 9/11 to help businesses deal with disasters is thriving"
2020-03-13,"Coronavirus could weaken climate change action and hit clean energy investment, researchers warn"
2020-03-13,"UAW negotiating paid leave for Fiat Chrysler workers, others regarding coronavirus"
2020-03-13,Government lawyers ask DoD to reconsider decision to give Microsoft $10 billion contract over Amazon
2020-03-13,Multilevel marketing sellers are using coronavirus to push oil and vitamin sales on Facebook
2020-03-13,"'I don't take responsibility at all' for lack of coronavirus tests, Trump says"
2020-03-13,Pfizer tells all US salespeople they must work remotely
2020-03-13,Trump demands more Fed action in coronavirus response even after $1.5 trillion liquidity injection
2020-03-13,Nike encourages all US employees to work from home as known coronavirus cases rise
2020-03-13,Cramer's lightning round: General Dynamics stock is a bet on a second Trump term
2020-03-13,This is how Joe Biden will tax generational wealth transfer
2020-03-13,Trump plans to declare national emergency over coronavirus pandemic
2020-03-13,There are some good reasons to check your homeowners insurance heading into spring
2020-03-13,"US officials shake hands, touch their faces and share a microphone at coronavirus press briefing"
2020-03-13,DoD asks judge to let it reconsider decision to give Microsoft $10 billion contract over Amazon
2020-03-13,"Stock market live updates: Is crash over?, Icahn not sure, Mnuchin says buying opportunity"
2020-03-13,"Watch the full interview with Carl Icahn on the crash, what's he's buying and his biggest short"
2020-03-13,American Dream megamall in New Jersey delays opening events over coronavirus
2020-03-13,Apple moves WWDC developers conference online due to coronavirus
2020-03-13,"These sectors beat the market once a recession starts, Morgan Stanley says"
2020-03-13,"Airline stocks soar on hopes for financial relief from coronavirus, Delta up 10%"
2020-03-13,How hospitals hope to keep 'worried well' from flooding emergency rooms during coronavirus outbreak
2020-03-13,"Icahn is shorting the commercial real estate market, which he says is going to 'blow up'"
2020-03-13,Watch: House Speaker Nancy Pelosi delivers remarks on coronavirus relief
2020-03-13,"Coronavirus live updates: Washington reports 5 new deaths, Trump says UK could be added to EU travel ban"
2020-03-13,Trump asks Energy Department to purchase oil for the strategic petroleum reserve
2020-03-13,"Coronavirus live updates: Pelosi vows to pass coronavirus bill, New York cases jump 30% overnight"
2020-03-13,"AMC is limiting how many people can see a movie at one time, more theaters could be next"
2020-03-13,"Coronavirus live updates: New York cases jump 30% overnight, Trump declares national emergency"
2020-03-13,Watch live: President Donald Trump expected to declare national emergency over coronavirus outbreak
2020-03-13,"US should give citizens $1,000 a month to limit coronavirus impact on economy, strategist says"
2020-03-13,The Masters and other major golf tournaments are postponed due to coronavirus
2020-03-13,El-Erian: Market looks 'less scary' as stocks set to rebound from nearly 30% drop from highs
2020-03-13,Progressive groups urge Supreme Court to broadcast arguments during coronavirus closure
2020-03-13,"Coronavirus live updates: Europe is now the 'epicenter' of the pandemic, The Masters is postponed"
2020-03-13,Citigroup employee from Manhattan office tests positive for coronavirus
2020-03-13,JPMorgan sees negative GDP growth but says the US will skirt a technical recession
2020-03-13,Treasury Secretary Mnuchin considers suspending student loan payments amid coronavirus
2020-03-13,"Louisiana postpones Democratic primary over coronavirus, the first state to do so"
2020-03-13,"These stocks are the best market crash turnaround candidates, Jefferies says"
2020-03-13,Cramer asks 'how can you not start buying here'
2020-03-13,Travelers swap spring break trips for staycations to avoid coronavirus risk
2020-03-13,Delta slashes flights by 40% — the most in its history — as virus cripples global travel
2020-03-13,Patagonia is closing all of its stores and shutting down its website because of the coronavirus
2020-03-13,"Brazilian president Bolsonaro, who dined with Trump, says he tested negative for coronavirus"
2020-03-13,"The Fed to start buying Treasurys Friday across all durations, starting with 30-year bond"
2020-03-13,"'Limit down' to 'limit up': A week of scary trading halts, but this time for a surge"
2020-03-13,"Wells Fargo upgrades Apple, sees a 'compelling risk/reward' amid coronavirus market plunge"
2020-03-13,Fed increasingly expected to cut interest rates to zero next week
2020-03-13,"Volatility spikes have brought about 'a great victory for ETFs as a structure,' CIO says"
2020-03-13,Boston Marathon delayed until September due to coronavirus
2020-03-13,Grubhub is suspending commission fees for independent restaurants
2020-03-13,Here's what would happen if coronavirus forces the NYSE to close its trading floor
2020-03-13,Bitcoin loses half of its value in two-day plunge
2020-03-13,"Coronavirus joins list of infamous market crashes, and it may not be over if policymakers don't act"
2020-03-13,Gov. Cuomo says New York has most coronavirus cases in US as new cases jump 30% overnight to 421
2020-03-13,Kelly Evans: Some really sage advice (it's from dad)
2020-03-13,Tesla shareholder trial delayed by judge due to coronavirus concerns
2020-03-13,"WHO says 'more needs to be done' to stem coronavirus outbreak in Iran as cases exceed 10,000"
2020-03-13,"Stock market live updates: Rally loses steam, Mnuchin says buying opportunity"
2020-03-13,"Mortgage rates jump back up to January high, as coronavirus fears put chill on spring housing market"
2020-03-13,"House passes coronavirus relief bill, sending it to Senate"
2020-03-13,Bill Gates leaves Microsoft board
2020-03-13,"Trump asks Walmart, Target and other retail giants to help tackle the coronavirus crisis"
2020-03-13,JPMorgan Chase says it has two cases of coronavirus at Manhattan headquarters
2020-03-13,Trump blames Obama for lack of coronavirus tests: 'I don't take responsibility at all'
2020-03-13,Fiat Chrysler plant workers walk out over coronavirus concerns in Canada
2020-03-14,"Delta, pilot union reach agreement to offer partial pay after virus forces flight cuts"
2020-03-14,Next-gen supercomputers are fast-tracking treatments for the coronavirus in a race against time
2020-03-14,"Trump tests negative for coronavirus, White House doctor says"
2020-03-14,These new batteries technologies could be the future of energy storage
2020-03-14,US extends travel restrictions to UK and Ireland as Trump discourages travel due to coronavirus
2020-03-14,Coronavirus crash is a true 'Black Swan' as Goldman thought the economy was nearly recession-proof
2020-03-14,White House signals third relief bill to help airline and cruise industries hit by coronavirus pandemic
2020-03-14,Review: Nissan Titan can't top its American competitors when it comes to full-size trucks
2020-03-14,Sports teams can hang onto sky-high valuations by taking care of employees now during coronavirus outbreak
2020-03-14,"Coronavirus live updates: Spain to impose nationwide lockdown, New York confirms first death"
2020-03-14,At or near retirement? Consider these moves to protect your nest egg
2020-03-14,How Critical Role helped spark a Dungeons & Dragons renaissance
2020-03-14,Vice President Mike Pence to hold press conference on coronavirus response at noon ET
2020-03-14,This ETF hedges against 'black swan' market events — here's how it's holding up this year
2020-03-14,"Restaurants, cafes and concert venues are getting pummeled as coronavirus forces social distancing"
2020-03-14,"France closes most stores on coronavirus fears, Spain imposes lockdown, US restricts UK travel"
2020-03-14,Your college closed early because of coronavirus. You might not get your money back
2020-03-14,"Stocks like Reynolds and Raytheon can weather a recession and even show upside, analysts say"
2020-03-14,Hospitals are canceling elective surgeries to make space for a potential flood of coronavirus patients
2020-03-14,"Grocers limit food purchases, urge shoppers not to hoard as panic buying continues. Kroger ramps up hiring"
2020-03-14,White House taking temperature checks for people near Trump and Pence in coronavirus precaution
2020-03-14,"Spain impose nationwide lockdown due to virus, closes all stores except groceries and pharmacies"
2020-03-14,Walmart reduces hours at US stores to keep up with surge of shoppers
2020-03-14,Georgia becomes second state to delay presidential primary due to coronavirus pandemic
2020-03-14,New York confirms state's first death from coronavirus
2020-03-14,Apple to close all stores outside of China until March 27 in response to coronavirus
2020-03-14,Coronavirus and market volatility shuts down the IPO market for potential listings like Airbnb
2020-03-14,"Coronavirus live updates: Spain to impose nationwide lockdown, Trump leads White House meeting"
2020-03-14,Italians are singing songs from their windows to boost morale during coronavirus lockdown
2020-03-14,Op-Ed: The US should call NATO to action and defend Europe against coronavirus
2020-03-14,"Not every bear market is accompanied by an economic recession, but chances are high"
2020-03-14,Trump says he took the coronavirus test as a precaution — the results are pending
2020-03-14,"France closes restaurants, cafes, movie theaters and other nonessential shops to fight coronavirus"
2020-03-14,"Coronavirus: American slashes international flights, Congo and Uzbekistan confirm first cases"
2020-03-14,"US adds UK and Ireland to coronavirus travel restrictions, Trump considers domestic travel curbs"
2020-03-14,These new battery technologies could be the future of energy storage
2020-03-14,A top tech analyst from Morgan Stanley is betting these two stocks can outperform in a downturn
2020-03-14,"Coronavirus live updates: France closes most stores, Spain imposes lockdown, US restricts UK travel"
2020-03-14,"Trump cheers Friday's stock bounce, which came after the worst drop in three decades"
2020-03-14,Trump says he has the right to remove Powell as Fed chair but hasn't 'made any decisions' yet
2020-03-14,Second Amazon employee in Seattle tests positive for the coronavirus
2020-03-14,A look at bear and bull markets through history
2020-03-15,Plunging stocks triggered a key market 'circuit breaker' — Here's what that means
2020-03-15,Americans returning from abroad face hours-long lines at US airports for coronavirus screening
2020-03-15,"Dow plunges 9% even after emergency Fed rate cut, trading briefly halted after the open"
2020-03-15,Nike is closing all of its stores in the US because of the coronavirus outbreak
2020-03-15,Trader creates new stock acronym for coronavirus-fueled panic: 'It's always darkest before the DAWN'
2020-03-15,"Trump says 'relax,' urges against hoarding as coronavirus cases soar and Fed cuts rates to zero"
2020-03-15,Biden and Sanders debate in the shadow of coronavirus – here are the highlights
2020-03-15,How the deadly coronavirus brought an industry to its knees: The 'cruise lines 9/11'
2020-03-15,"Op-Ed: Don't try to 'call a bottom' for the whole market, instead pick stocks for the long term"
2020-03-15,Treasury Secretary Mnuchin does not expect recession from the coronavirus
2020-03-15,"Dow drops nearly 3,000 points, as coronavirus collapse continues; worst day since '87"
2020-03-15,Trump considering 'full pardon' of former national security advisor Michael Flynn
2020-03-15,Stemming the flow of international students could cost US colleges $41 billion
2020-03-15,"If you're panic shopping, chances are good you might also panic-sell your stocks"
2020-03-15,"How to think like Jeff Bezos and become a digital powerhouse, from a former Amazon exec"
2020-03-15,Joe Biden pledges to pick a woman to be his running mate
2020-03-15,Joe Biden's revival is a boon for this San Francisco tech start-up
2020-03-15,NFL players union approves new agreement that includes pay increases and extra regular season game
2020-03-15,Alphabet's Verily launches a limited coronavirus screening website
2020-03-15,Consumer companies like Clorox are calling on the White House to help prevent product shortages
2020-03-15,"Trump administration mulls 'all options' to curb coronavirus, including domestic air travel ban"
2020-03-15,"S&P 500 recovers some of its steep losses after halt, now down 6%"
2020-03-15,Bank of America CEO Moynihan says 'we're in a war to contain this virus'
2020-03-15,The Senate has not yet scheduled a vote for the coronavirus relief bill already passed by the House
2020-03-15,Germany tries to stop US from luring away firm seeking coronavirus vaccine
2020-03-15,"Coronavirus live updates: Fed slashes rates, New York governor wants Trump to mobilize the military"
2020-03-15,"2020 was already expected to be a weak year at the box office, coronavirus could mean 'cinematic disaster'"
2020-03-15,"Trump talks coronavirus hoarding, supply chain with Target, Campbell, Costco and others"
2020-03-15,"Coronavirus live updates: New York governor wants Trump to mobilize army, NYC mayor calls outbreak 'war'"
2020-03-15,Even the world's biggest hedge fund was caught flat-footed by the coronavirus market sell-off
2020-03-15,Trump applauds Fed's move to slash interest rates and says investors 'should be very thrilled'
2020-03-15,New York City schools will close this week to help contain the coronavirus outbreak
2020-03-15,American Airlines cuts international capacity by 75% as demand collapses
2020-03-15,These retailers are closing stores to slow coronavirus outbreak
2020-03-15,Dow futures fall 600 points even after Fed slashes rates to calm markets amid coronavirus outbreak
2020-03-15,Under-the-radar trend suggests the US may avoid a recession during the coronavirus crisis
2020-03-15,Federal Reserve cuts rates to zero and launches massive $700 billion quantitative easing program
2020-03-15,"Most voters in 2020 battlegrounds fear coronavirus will lead to recession, CNBC/Change Research poll finds"
2020-03-15,"Aramco's 2019 profit falls 21%, plans to adjust capital spending"
2020-03-15,LVMH will use its perfume and cosmetics factories to manufacture free hand sanitizer for France
2020-03-15,An options strategy pros use when looking to buy stocks on the cheap during big market declines
2020-03-15,"Starbucks temporarily adopts 'to go' model, will close or shorten hours near coronavirus clusters"
2020-03-15,Amazon says it is out of stock of household items and deliveries are delayed due to coronavirus demand
2020-03-15,The Federal Reserve has taken massive steps to help markets. Here's what's left in its arsenal
2020-03-15,Biden and Sanders to face off in first one-on-one Democratic primary debate as coronavirus pandemic rages
2020-03-16,"Tesla is still not cheap after 40% plunge, Bernstein says"
2020-03-16,South Korea stocks dive beyond 3% after Dow sees worst drop since 1987; Philippines suspends trading
2020-03-16,Here are some 'stocks for the storm' from BTIG
2020-03-16,"The Fed tried some extreme measures to stabilize the markets, but may need to go further to steady the ship"
2020-03-16,Credit market pain won't end until Washington puts more muscle into stimulus
2020-03-16,"Stocks making the biggest moves after hours: MGM Resorts, Tencent Music, Amazon and more"
2020-03-16,Kelly Evans: Dow plunges 10%--again
2020-03-16,"Stocks making the biggest moves midday: Apple, Gap, Delta, JPMorgan Chase, Boeing & more"
2020-03-16,Major averages fall double digits as coronavirus concerns intensify — what to watch now
2020-03-16,EU proposes ban on non-essential incoming foreign travel for 30 days
2020-03-16,Cramer's lightning round: Buy Waste Management 'as it goes down'
2020-03-16,San Francisco Bay area officials order nearly 7 million people to 'shelter in place' to curb coronavirus spread
2020-03-16,Tax deadlines are likely to change. Here's what you need to know
2020-03-16,"Universal to release movies online while they are in theaters, starting with 'Trolls World Tour'"
2020-03-16,Millions of Americans could lose their jobs in a coronavirus recession. Many won't get severance pay
2020-03-16,These financial moves can help you prepare for a recession
2020-03-16,"Dow rebounds more than 1,000 points as Trump seeks $1 trillion in stimulus for coronavirus fight"
2020-03-16,"The bottom is close and coronavirus is likely to cause sharp, short recession, BCA Research says"
2020-03-16,"Tesla begins Model Y deliveries, meeting expectations for the crossover SUV"
2020-03-16,"Google says expect increased YouTube video removals, service delays as workers move online"
2020-03-16,Athletes team up to raise money for people affected by coronavirus
2020-03-16,'You're supposed to be the President' – Trump and Cuomo fight on Twitter about coronavirus response
2020-03-16,US airlines seek more than $50 billion in government assistance as coronavirus roils business
2020-03-16,Judge denies Ohio governor's push to postpone Tuesday's primary
2020-03-16,Howard Marks says the market is 'pricing in a bad scenario' and there is value for investors
2020-03-16,Boeing and Trump administration in talks about short-term aid as aviation reels from coronavirus
2020-03-16,Coronavirus concerns: Trump press secretary Grisham working from home after contact with Brazil delegation at Mar-a-Lago
2020-03-16,"Wall Street's fear gauge closes at highest level ever, surpassing even financial crisis peak"
2020-03-16,White House cancels annual Easter Egg Roll due to coronavirus
2020-03-16,Google parent Alphabet began sharing YouTube revenue after SEC request
2020-03-16,McDonald's asks US franchisees to close dining rooms amid coronavirus outbreak
2020-03-16,Economist Paul McCulley says the stock plunge is not an indictment of Fed's emergency measures
2020-03-16,"Chick-fil-A, Taco Bell and Starbucks are turning to drive-thrus as COVID-19 spreads"
2020-03-16,States call for federal delay to enforcement for 'Real ID' use at airports
2020-03-16,Markets are getting crushed but these stocks have held up
2020-03-16,"Stock market leaders unite against calls to stop trading, saying it would only compound anxiety"
2020-03-16,Market-beating money manager David Herro says it's time to 'gently' buy some stocks
2020-03-16,Telemedicine companies are struggling to serve 'extreme volumes' of patients as coronavirus calls surge
2020-03-16,"Coronavirus is hitting the economy worse than Wall Street thinks, investor Rich Bernstein warns"
2020-03-16,Facebook's Sandberg: No one knows how much impact coronavirus will have on marketing industry
2020-03-16,Worried about your access to cash? Here's where to put emergency funds now
2020-03-16,"GM offering 0% financing for 7 years, deferred payments amid coronavirus outbreak"
2020-03-16,SBA and small business 'disaster' loans have never faced test like coronavirus
2020-03-16,"Kentucky delays its 2020 primary, the latest state to do so as coronavirus spreads"
2020-03-16,"Stock market live updates: S&P down 6%, trading halted at one point, Dow falls 30% from record at lows"
2020-03-16,False coronavirus rumors surge in 'hidden viral' text messages
2020-03-16,First human trial for coronavirus vaccine begins Monday in the US
2020-03-16,"Jim Cramer says forget index funds, buy shares in companies 'we can't live without'"
2020-03-16,"Telemedicine system crashes, Trump issues 'coronavirus guidelines,' SF and France order 'stay home'"
2020-03-16,Dow futures jump 200 points after Wall Street suffers worst day since 1987 market crash
2020-03-16,NASCAR suspends season until May but will reschedule events
2020-03-16,"Stock market live Monday: Dow drops 13%, Trump says recession possible, trading halted at open"
2020-03-16,"Stock market live updates: S&P down 8%, trading halted at one point, Dow falls 30% from record at lows"
2020-03-16,"Based on history, the stock market is pricing in a recession and maybe something more 'onerous'"
2020-03-16,CDC confirms first known employee infected with coronavirus
2020-03-16,Coronavirus forces airlines to consider a once unthinkable possibility — halting US flights
2020-03-16,"These high quality stocks can withstand a recession, Jefferies says"
2020-03-16,Paid sick leave sticking point in Senate vote on coronavirus relief bill
2020-03-16,"Coronavirus could be the tipping point for movie theaters, gyms and other industries already suffering from disruption"
2020-03-16,Dow rallies 500 points as White House details plans to combat slowdown from coronavirus
2020-03-16,"Joe Biden is the apparent winner of the Washington Democratic primary, NBC News reports"
2020-03-16,"Coronavirus wreaks havoc on retail supply chains globally, even as China's factories come back online"
2020-03-16,Fed says it will offer an additional $500 billion in overnight repo funding markets
2020-03-16,"Coronavirus: NY, NJ, Connecticut coordinate restrictions on restaurants, limit events to fewer than 50 people"
2020-03-16,US stock futures rise slightly following Dow's third-worst day ever
2020-03-16,"Coronavirus live updates: Telemedicine system crashes, Trump issues 'coronavirus guidelines,' SF and France order 'stay home'"
2020-03-16,"BlackRock's Rieder says it's time to selectively buy 'once in a lifetime' stock bargains, but market has not bottomed"
2020-03-16,San Francisco Bay Area officials order nearly 7 million people to 'shelter in place' to curb coronavirus spread
2020-03-16,"European stocks close down 5%, airline stocks tank as EU proposes travel restrictions"
2020-03-16,Trump pledges to backstop airlines '100%' in coronavirus response
2020-03-16,"Google and Facebook shares could drop another 30% to 40%, Evercore analysts say"
2020-03-16,White House advisor Peter Navarro: I'm bringing an executive order to Trump that would reduce US foreign dependency on medicines
2020-03-16,Defense Secretary Esper and deputy to remain separated as coronavirus precaution
2020-03-16,"Coronavirus in US may peak late April to early May, warns ex-FDA chief Scott Gottlieb"
2020-03-16,EU proposes ban on nonessential inbound travelers from abroad for 30 days
2020-03-16,IMF says it's ready to mobilize its $1 trillion lending capacity to fight coronavirus
2020-03-16,"Oil drops 10% at the low, breaking below $29 as demand evaporates"
2020-03-16,Hedge fund manager: I'm buying stocks because investors are misinterpreting coronavirus hysteria
2020-03-16,"Fiat Chrysler, PSA Group end production at European plants due to coronavirus"
2020-03-16,"As markets crash, Wall Street says buy Clorox, Costco and Domino's"
2020-03-16,"Silicon Valley executives plot investment blitz with charities, groups to help fight coronavirus"
2020-03-16,World Health Organization says some nations aren't running enough coronavirus tests: 'Test every suspected case'
2020-03-16,"El-Erian blasts Fed, saying it should have been 'laser-focused' on market failures and cut rates later"
2020-03-16,Coronavirus outbreak prompts growing number of states to ban dining in at restaurants
2020-03-16,"Three key drivers can help consumer staples keep outperforming, wealth manager says"
2020-03-16,Canada closing borders to non-citizens because of coronavirus
2020-03-16,NFL cancels 2020 draft event in Las Vegas due to coronavirus
2020-03-16,White House braces for political fight as it readies coronavirus airline bailout package
2020-03-16,What you need to know about the government's break for student loan borrowers amid the coronavirus
2020-03-16,"Focus on 'essential' companies that can 'get through to the other side,' Jim Cramer says"
2020-03-16,The 'kindness postcard' and other heartwarming gestures sparked by coronavirus
2020-03-16,Megadonors pull plug on plan for anti-Sanders super PAC as Biden racks up wins
2020-03-16,"Canada closing borders to noncitizens because of coronavirus, U.S. citizens exempt from ban 'for the moment'"
2020-03-16,"Bridgewater's Dalio says Fed has done all it can, targeted fiscal stimulus is needed"
2020-03-16,WHO considers 'airborne precautions' for medical staff after study shows coronavirus can survive in air
2020-03-16,Here's what happened to the stock market on Monday
2020-03-16,"Dow rebounds by 1,000 points amid report coronavirus stimulus package may be $1 trillion"
2020-03-16,Treasury Secretary Mnuchin tells Cramer there will be a lot of 'pent-up demand' when crisis ends
2020-03-16,"Coronavirus live updates: NY tri-state area imposes new restrictions, Workday to give workers cash"
2020-03-16,"Amazon to hire 100,000 more workers and give raises to current staff to deal with coronavirus demands"
2020-03-16,RBC warns coronavirus could cause 20% decline in US vehicle sales as auto stocks tank
2020-03-16,Tech titans erase more than $1 trillion in market sell-off
2020-03-16,"Coronavirus live updates: China reports 21 new cases, Malaysia shuts borders"
2020-03-16,Workday will give employees a cash bonus worth two weeks of pay amid coronavirus outbreak
2020-03-16,Uber is delivering free meals to health-care workers and first responders amid coronavirus crisis
2020-03-16,"UK Prime Minister tells Brits to stop all non-essential contact and avoid pubs, clubs and theaters"
2020-03-16,Biden leads Sanders in Ohio and Arizona as he looks to extend his primary edge: NBC/Marist polls
2020-03-16,NBA and NHL say players can still travel after seasons suspended due to coronavirus
2020-03-16,"Romney proposes sending $1,000 checks to every American to ease coronavirus economic pain"
2020-03-16,Watch now: ETF Edge on unpacking the market's historic volatility and lessons on liquidity
2020-03-16,The Alphabet coronavirus screening website that Trump talked about last week is not currently taking appointments
2020-03-16,"Gold falls below $1,500 as it is dragged into the global market rout"
2020-03-16,Retail store closures in the US could explode because of the coronavirus
2020-03-16,"Supreme Court postpones arguments because of coronavirus, citing Spanish flu precedent"
2020-03-16,Trump issues 'Coronavirus Guidelines' for next 15 days to slow pandemic
2020-03-16,"Coronavirus will be 'with us permanently,' former Bank of England official warns"
2020-03-16,Apple fined a record $1.2 billion by French antitrust authorities
2020-03-16,Senate has yet to receive final draft of coronavirus relief bill passed by the House
2020-03-16,Morgan Stanley: Coronavirus relief does not have the 'moral hazard' of financial crisis rescue
2020-03-16,New York Gov. Cuomo warns US won't have enough hospital beds for coronavirus pandemic
2020-03-16,JPMorgan tells employees around the world to work from home if possible
2020-03-16,Wall Street says these things must happen before the market will stop plunging and bottom
2020-03-16,"Trump says coronavirus crisis could stretch into August, may look at lockdown for 'certain areas'"
2020-03-16,"Coronavirus live updates: Canada closes its borders, states ban dining in at restaurants"
2020-03-16,"Coronavirus: NY, NJ, CT coordinate restrictions on restaurants, limit events to fewer than 50 people"
2020-03-17,How those coronavirus-fueled investment losses help cut your taxes
2020-03-17,Disney pushes 'Black Widow' from May 1 release and it could impact the whole Marvel slate
2020-03-17,Macy's is closing stores nationwide because of coronavirus
2020-03-17,Pompeo calls Iranian regime 'an accomplice' amid deepening coronavirus outbreak
2020-03-17,Ford weighing shift reductions as UAW presses Big 3 automakers to close factories
2020-03-17,"White House seeks to pass coronavirus aid, including for airlines and Boeing, 'very quickly'"
2020-03-17,"These are the ultimate 'social distancing' stocks, Piper Sandler says"
2020-03-17,"New Yorkers should be prepared for a 'shelter-in-place order,' Mayor Bill de Blasio says"
2020-03-17,Fox to buy video streaming firm Tubi for $440 million in cash
2020-03-17,The coronavirus crisis is making travel cheaper. Here's why you should resist the urge to buy.
2020-03-17,Trump spoke with restaurant company CEOs about coronavirus response
2020-03-17,Coronavirus may drive more high school seniors to in-state public colleges
2020-03-17,Stocks rebound on White House coronavirus plan — here are the lingering risks to watch
2020-03-17,Trump dismissed coronavirus pandemic worry in January — now claims he long warned about it
2020-03-17,Here's what happened to the stock market on Tuesday
2020-03-17,Social Security offices close due to coronavirus. Here's what that means for you
2020-03-17,The Fed will keep short-term cash injections to banks going through the week
2020-03-17,Asia stocks set to trade higher as Dow rebounds on stimulus hopes
2020-03-17,Financial independence fans see opportunity as market lurches
2020-03-17,"Sephora, Ulta and other beauty brands shutter stores and shift online as coronavirus changes consumer habits"
2020-03-17,"Uber stock drops 6.8% after it cancels car pools, tech stocks rally"
2020-03-17,"The 2020 Olympics are still happening, insists the IOC — but skepticism is starting to creep in"
2020-03-17,The government wants to start sending millions of Americans a check. Here's how to use it wisely
2020-03-17,Before coronavirus crash many big corporations broke the No. 1 rule of personal finance
2020-03-17,Biden aims to tighten his grip on the Democratic nomination as three states hold primaries in the shadow of coronavirus
2020-03-17,NFL free agent deals at risk as team doctors can't evaluate players due to coronavirus
2020-03-17,Dow futures fall 400 points in overnight trading after rebound on hopes for $1 trillion stimulus
2020-03-17,"How coronavirus could finally turn universal basic income, long favored by Silicon Valley, into political reality"
2020-03-17,The market crash hit the bull market's cult trends like pot and alternative meat hardest
2020-03-17,"New York state coronavirus cases soar to about 1,700, hospitalizing 19%"
2020-03-17,"Coronavirus live updates: Virus reaches all 50 states, stock futures fall, Pentagon sending respirators and ventilators"
2020-03-17,Sheryl Sandberg says Facebook wants to help small businesses pay workers and move online amid COVID-19 crisis
2020-03-17,Treasury and IRS to delay tax payment deadline by 90 days
2020-03-17,Tom Brady announces he will leave the New England Patriots
2020-03-17,"Trump seeks stimulus package potentially worth more than $1 trillion, including direct payments to Americans"
2020-03-17,"Kroger CEO: We have hired 2,000 people and have 10,000 openings in response to coronavirus demand"
2020-03-17,"SoftBank may not complete $3 billion tender offer for WeWork, sources say"
2020-03-17,"Stocks making the biggest moves after hours: FedEx, MongoDB, Boeing and more"
2020-03-17,"Coronavirus has now spread to all 50 states and DC, US death toll passes 100"
2020-03-17,FAA: Tower at Chicago's Midway airport is closed after 'several' employees there test positive for COVID-19
2020-03-17,"Cramer: Don't buy the dips in the market, sell bad stocks on any pops"
2020-03-17,"Even with $1 trillion stimulus, hit to economy and employment from virus will be big"
2020-03-17,Tesla factory is still open for business as Musk tells employees 'I will personally be at work'
2020-03-17,The Federal Reserve is adding another program to keep money flowing for big financial institutions
2020-03-17,"Zoom is 'leading the shift to a more virtual work paradigm,' Needham says"
2020-03-17,"Analysts are starting to say it's time to buy defensive stocks like Walmart, P&G & more in Tuesday's calls of the day"
2020-03-17,Gundlach says it's 'ludicrous' to think US won't enter a recession as coronavirus hits economy
2020-03-17,"You have financial questions, we have experts to get you some answers"
2020-03-17,Amazon shares seen benefiting from 'in-home shift' due to the coronavirus
2020-03-17,"Stock market live Tuesday: Stocks rebound on stimulus hopes, Dow up 1,000, oil drops 6%"
2020-03-17,"Group run by former Google CEO to hold meeting with VCs, philanthropists about ways to fight coronavirus"
2020-03-17,"Pentagon to free up 5 million respirator masks and 2,000 ventilators for coronavirus efforts"
2020-03-17,Banks nearly took down the economy in 2008. Now the industry hopes to redeem itself
2020-03-17,"L Brands, American Eagle, other retailers withdraw earnings outlooks as coronavirus shuts stores, some are tapping credit lines"
2020-03-17,"Market collapse leaves the best opportunity to pick stocks 'maybe ever,' Bank of America says"
2020-03-17,J&J hopes to start human trials for coronavirus vaccine in November
2020-03-17,Cuomo and Trump patch up their war of words over coronavirus as cases mount
2020-03-17,"'No blank check' for airlines seeking more than $50 billion in coronavirus aid, Democrats warn"
2020-03-17,Amazon prioritizes household staples and medical supplies from merchants amid coronavirus outbreak
2020-03-17,"Coronavirus live updates: Tax deadline delayed, UK pledges business relief"
2020-03-17,"New Yorkers should be prepared for a 'shelter in place order,' Mayor Bill de Blasio says"
2020-03-17,"Stock market live updates: White House and Fed boost stocks, Dow up 1,000, Boeing craters"
2020-03-17,Value investor David Katz says he's buying these high-quality stocks during the sell-off
2020-03-17,NFL free agent deals are at risk because teams can't have their doctors evaluate players due to coronavirus
2020-03-17,Apple stores in U.S. closed 'until further notice'
2020-03-17,Ex-Trump chief of staff Mick Mulvaney self-quarantining over coronavirus concern
2020-03-17,"This is 'the best thing that investors can do' right now, says ETF analyst"
2020-03-17,Gov. Cuomo says New York City will not be quarantined: 'It cannot happen'
2020-03-17,"NBCU, ViacomCBS, Walt Disney Television and other media companies will run new coronavirus PSAs"
2020-03-17,"WHO urges Europe to learn from China, take 'boldest' action possible to tackle coronavirus"
2020-03-17,Joe Biden gets Secret Service detail as he closes in on the 2020 Democratic nomination
2020-03-17,Trump administration wants an $850 billion stimulus plan to curb coronavirus damage
2020-03-17,"Stock market live updates: White House and Fed boost stocks, Dow surges 1,000, Boeing craters"
2020-03-17,Mnuchin says Trump administration is looking to get cash to Americans 'immediately'
2020-03-17,US airlines rally after Mnuchin seeks to pass coronavirus aid 'very quickly'
2020-03-17,"Cisco says Webex video-calling service is seeing record usage too, even as competitor Zoom draws all the attention"
2020-03-17,"Boeing seeking 'tens of billions' in U.S. government loan guarantees, sources say"
2020-03-17,10-year Treasury yield rebounds above 1% as White House seeks a possible $1 trillion stimulus
2020-03-17,Group run by former Google CEO to hold meeting with venture capitalists about ways to fight coronavirus
2020-03-17,"Coronavirus live updates: 4 Nets players test positive for the coronavirus, NYC weighing 'shelter in place'"
2020-03-17,Credit markets signal the US risks heading towards a financial crisis
2020-03-17,How to buy and set up the right monitor for your laptop so you can work more comfortably at home
2020-03-17,Facebook announces $100 million program for small businesses impacted by coronavirus
2020-03-17,"Facebook to give $1,000 bonuses to each of its employees to deal with coronavirus fallout"
2020-03-17,Morgan Stanley says a global recession in 2020 is now the firm's 'base case'
2020-03-17,"Treasury Secretary Mnuchin says financial markets will stay open, but could shorten trading hours"
2020-03-17,Apple stores in US closed 'until further notice'
2020-03-17,European Union will close external borders for 30 days to slow coronavirus pandemic
2020-03-17,Former California Rep. Duncan Hunter sentenced to 11 months for misuse of campaign funds
2020-03-17,McConnell says Senate won't pass House coronavirus bill without 'significant and bold new steps'
2020-03-17,"Stock futures jumped all over the place this morning, causing Cramer to say they're 'a total joke'"
2020-03-17,"Goldman slashes oil forecast, sees US crude at $22 per barrel"
2020-03-17,DoorDash eliminates and reduces some commission fees for restaurants
2020-03-17,Swedish pension fund with billions of assets under management to stop fossil fuel investments
2020-03-17,"Stocks making the biggest moves midday: Regeneron, Boeing, Amazon, Clorox and more"
2020-03-17,Senators push to let every American vote by mail as coronavirus keeps people at home
2020-03-17,Kelly Evans: Mark Cuban gets it
2020-03-17,UAW calls for two-week shutdown of Big 3 auto plants
2020-03-17,'Whatever it takes': UK pledges almost $400 billion to help businesses through coronavirus
2020-03-17,Goldman has a sophisticated strategy to trade the volatile market and possible comeback
2020-03-17,"US coronavirus cases surpass 5,000, up fivefold from a week ago"
2020-03-17,Treasury and IRS to delay tax season deadline by 90 days
2020-03-17,Chief mortgage regulator working on plan for potential spike in delinquencies from coronavirus
2020-03-17,"This is when to buy Microsoft, Apple, Amazon and Alphabet stock: Piper Sandler technical analyst"
2020-03-17,"Coronavirus live updates: Mnuchin says Americans 'need cash now,' Poland closes border causing massive traffic jams"
2020-03-17,Hopes of a coronavirus vaccine mount as three key biotech players make progress
2020-03-17,"No blank check for airlines seeking coronavirus aid after spending $39 billion on stock buybacks, unions say"
2020-03-17,Historic slide in oil could cost energy industry thousands of jobs
2020-03-17,"China expels journalists from New York Times, Wall Street Journal and Washington Post"
2020-03-17,Fed will help businesses get up to $1 trillion in funding in the short-term borrowing markets amid coronavirus crisis
2020-03-17,Cramer calls on government to enlist corporate America in a coordinated coronavirus fight
2020-03-17,"Trump seeking $1 trillion stimulus package, including $250 billion in payments to Americans, WSJ says"
2020-03-17,"ESPN reveals how it will move forward without live sports during coronavirus, including 'stunt event programming'"
2020-03-17,"Regulators consider loosening bank liquidity rules amid coronavirus crisis, could boost loan volume"
2020-03-17,Travel industry pushes for $150 billion in aid as coronavirus cripples business
